"Event Name","Start Date"
"Nam - username<br> ( Užsakyta )","2022-03-02T00:00:00"
"name - user<br> ( Užsakyta )","2021-10-30T00:00:00"
"Nam - username<br> ( Užsakyta )","2021-10-07T00:00:00"
"Linas - LinciusHerka<br> ( Užsakyta )","2022-04-26T20:32:30"
"Jonas - jonas123<br> ( Užsakyta )","2021-10-23T00:00:00"
"Linas - LinciusHerka<br> ( Užsakyta )","2022-04-26T20:12:44"
"Nam - username<br> ( Užsakyta )","2021-10-08T00:00:00"
"Nam - username<br> ( Užsakyta )","2022-03-02T00:00:00"
"name - user<br> ( Užsakyta )","2022-04-13T00:00:00"
"name - user<br> ( Užsakyta )","2021-11-28T00:00:00"
"vardas - vartotojas<br> ( Užsakyta )","2021-11-28T00:00:00"
"vardas - vartotojas<br> ( Užsakyta )","2021-11-19T00:00:00"

